"Qty";"Value";"Device";"Package";"Parts";"Description";"ARROW_PART_NUMBER";"ARROW_PRICE-STOCK";"DESCRIPTION";"HEIGHT";"MANUFACTURER_NAME";"MANUFACTURER_PART_NUMBER";"MF";"MOUSER_PART_NUMBER";"MOUSER_PRICE-STOCK";"MPN";"OC_FARNELL";"OC_NEWARK";"POPULARITY";"SPICEPREFIX";
"6";"";"1,6/0,8";"1,6/0,8";"33Ω_1, 33Ω_1_, 33Ω_2, 33Ω_2_, 680Ω, 680Ω_";"THROUGH-HOLE PAD";"";"";"";"";"";"";"";"";"";"";"";"";"15";"";
"11";"";"PINHD-1X1";"1X01";"+5V, AIR+_STATE, AIR-_STATE, GND, GREEN_ENABLE, GREEN_ON_PMOS, IMPLAUSIBILITY, PRE_STATE, RED_ENABLE, VOLTAGE_ON_ACCUMULATOR, VOLTAGE_ON_INVERTER";"PIN HEADER";"";"";"";"";"";"";"";"";"";"";"";"";"64";"";
"4";"100kΩ";"R-US_R0603";"R0603";"R11, R12, R27, R39";"RESISTOR, American symbol";"";"";"";"";"";"";"";"";"";"";"";"";"77";"R";
"11";"100nF";"C-EUC0603";"C0603";"C2, C3, C5, C6, C8, C9, C10, C12, C13, C16, C17";"CAPACITOR, European symbol";"";"";"";"";"";"";"";"";"";"";"";"";"73";"C";
"4";"100Ω";"R-US_R0603";"R0603";"R29, R31, R33, R35";"RESISTOR, American symbol";"";"";"";"";"";"";"";"";"";"";"";"";"77";"R";
"20";"10kΩ";"R-US_R0603";"R0603";"R1, R2, R4, R5, R7, R8, R10, R13, R14, R15, R16, R19, R21, R22, R24, R25, R30, R34, R41, R42";"RESISTOR, American symbol";"";"";"";"";"";"";"";"";"";"";"";"";"77";"R";
"5";"10μF";"C-EUC0603";"C0603";"C7, C11, C14, C15, C18";"CAPACITOR, European symbol";"";"";"";"";"";"";"";"";"";"";"";"";"73";"C";
"2";"1kΩ";"R-US_R0603";"R0603";"R26, R38";"RESISTOR, American symbol";"";"";"";"";"";"";"";"";"";"";"";"";"77";"R";
"8";"2,49kΩ";"R-US_R0603";"R0603";"R3, R6, R9, R17, R18, R20, R23, R40";"RESISTOR, American symbol";"";"";"";"";"";"";"";"";"";"";"";"";"77";"R";
"2";"22-23-2051";"22-23-2051";"22-23-2051";"CONTACTOR_STATE_AND_VOLTAGE_MEASUREMENT, TSAL_LED_AND_POWER";".100" (2.54mm) Center Header - 5 Pin";"";"";"";"";"";"";"MOLEX";"";"";"22-23-2051";"1462952";"38C9178";"4";"";
"2";"24kΩ";"R-US_R0603";"R0603";"R36, R37";"RESISTOR, American symbol";"";"";"";"";"";"";"";"";"";"";"";"";"77";"R";
"2";"2kΩ";"R-US_R0603";"R0603";"R28, R32";"RESISTOR, American symbol";"";"";"";"";"";"";"";"";"";"";"";"";"77";"R";
"2";"AQY221R2S";"AQY221R2S";"SOP254P680X230-4N";"OPTO_1, OPTO_2";"SPST-NO Solid State Relay 250 mA PCB Mount PhotoMOS, 1.5 V";"AQY221R2S";"https://www.arrow.com/en/products/aqy221r2s/panasonic";"SPST-NO Solid State Relay 250 mA PCB Mount PhotoMOS, 1.5 V";"2.3mm";"Panasonic";"AQY221R2S";"";"769-AQY221R2S";"https://www.mouser.co.uk/ProductDetail/Panasonic-Industrial-Devices/AQY221R2S?qs=mTeSeKeuVA570TSPtWARNQ%3D%3D";"";"";"";"";"";
"1";"CDSOD323-T15SC";"CDSOD323-T15SC";"SOD-323";"D1";"TVS Diode ESD 15V BiDirectional SOD323 Bourns CDSOD323-T15SC Bi-Directional TVS Diode, 400W peak, 2-Pin SOD-323";"CDSOD323-T15SC";"https://www.arrow.com/en/products/cdsod323-t15sc/bourns?region=nac";"TVS Diode ESD 15V BiDirectional SOD323 Bourns CDSOD323-T15SC Bi-Directional TVS Diode, 400W peak, 2-Pin SOD-323";"mm";"Bourns";"CDSOD323-T15SC";"";"652-CDSOD323-T15SC";"https://www.mouser.co.uk/ProductDetail/Bourns/CDSOD323-T15SC?qs=6S5Watp5UnLvz%2FtnS7XuhA%3D%3D";"";"";"";"";"";
"2";"DMN2041L-7";"DMN2041L-7";"SOT96P240X110-3N";"NMOS_1, NMOS_2";"Diodes Inc DMN2041L-7 N-channel MOSFET Transistor, 6.4 A, 20 V, 3-Pin SOT-23";"DMN2041L-7";"https://www.arrow.com/en/products/dmn2041l-7/diodes-incorporated?region=nac";"Diodes Inc DMN2041L-7 N-channel MOSFET Transistor, 6.4 A, 20 V, 3-Pin SOT-23";"1.1mm";"Diodes Inc.";"DMN2041L-7";"";"621-DMN2041L-7";"https://www.mouser.co.uk/ProductDetail/Diodes-Incorporated/DMN2041L-7?qs=tiksPeNXt0LSbn3jTreVOg%3D%3D";"";"";"";"";"";
"2";"DMP3125L-7";"DMP3125L-7";"SOT96P240X110-3N";"PMOS_1, PMOS_2";"DMP3125L-7 P-Channel MOSFET, 2 (State) A, 2.5 (Steady) A, 30 V, 3-Pin SOT-23 Diodes Inc";"DMP3125L-7";"https://www.arrow.com/en/products/dmp3125l-7/diodes-incorporated";"DMP3125L-7 P-Channel MOSFET, 2 (State) A, 2.5 (Steady) A, 30 V, 3-Pin SOT-23 Diodes Inc";"1.1mm";"Diodes Inc.";"DMP3125L-7";"";"621-DMP3125L-7";"https://www.mouser.co.uk/ProductDetail/Diodes-Incorporated/DMP3125L-7?qs=W0yvOO0ixfH8ma8MdHfXQA%3D%3D";"";"";"";"";"";
"2";"ECA1VM100";"ECA1VM100";"CAPPRD200W55D525H1200";"C1, C4";"M radial Al elect cap,10uF 35V 85deg C Panasonic 10uF 35 V dc Aluminium Electrolytic Capacitor, M Series 2000h";"";"";"M radial Al elect cap,10uF 35V 85deg C Panasonic 10uF 35 V dc Aluminium Electrolytic Capacitor, M Series 2000h";"12mm";"Panasonic";"ECA1VM100";"";"";"";"";"";"";"";"";
"1";"HEF4077BT,652";"HEF4077BT,652";"SOIC127P600X175-14N";"XNOR";"NXP HEF4077BT,652, XNOR Quad 2 Input XNOR, 3  15 V, 14-Pin SOIC";"HEF4077BT,652";"https://www.arrow.com/en/products/hef4077bt652/nexperia";"NXP HEF4077BT,652, XNOR Quad 2 Input XNOR, 3  15 V, 14-Pin SOIC";"1.75mm";"Nexperia";"HEF4077BT,652";"";"771-HEF4077BTD";"https://www.mouser.com/Search/Refine.aspx?Keyword=771-HEF4077BTD";"";"";"";"";"";
"1";"L4941BDT-TR";"L4941BDT-TR";"TO228P972X240-3N";"CONVERTER_12VDC-5VDC";"L4941BDT-TR, Low Dropout Voltage Regulator, 1A, 5 V +/-4%, 3-Pin DPAK";"L4941BDT-TR";"https://www.arrow.com/en/products/l4941bdt-tr/stmicroelectronics?region=nac";"L4941BDT-TR, Low Dropout Voltage Regulator, 1A, 5 V +/-4%, 3-Pin DPAK";"2.4mm";"STMicroelectronics";"L4941BDT-TR";"";"511-L4941BDT-TR";"https://www.mouser.co.uk/ProductDetail/STMicroelectronics/L4941BDT-TR?qs=tPFdqECvbMIySYN92F2N4Q%3D%3D";"";"";"";"";"";
"5";"LM293DT";"LM293DT";"SOIC127P600X175-8N";"COMPARATOR_1, COMPARATOR_2, COMPARATOR_3, COMPARATOR_4, COMPARATOR_5";"Low power dual voltage comparators";"LM293DT";"https://www.arrow.com/en/products/lm293dt/stmicroelectronics?region=europe";"Low power dual voltage comparators";"1.75mm";"STMicroelectronics";"LM293DT";"";"511-LM293DT";"https://www.mouser.co.uk/ProductDetail/STMicroelectronics/LM293DT?qs=8Bu%252BF5HPnlzADNRUf2Meow%3D%3D";"";"";"";"";"";
"1";"NE555D";"NE555D";"SOIC127P600X175-8N";"IC12";"NE555DG4, Timer, 4.5 to 16V, 8-Pin SOIC-8";"NE555D";"https://www.arrow.com/en/products/ne555d/texas-instruments?region=nac";"NE555DG4, Timer, 4.5 to 16V, 8-Pin SOIC-8";"1.75mm";"Texas Instruments";"NE555D";"";"595-NE555D";"https://www.mouser.co.uk/ProductDetail/Texas-Instruments/NE555D?qs=gb35HGp1gQIV8t3Z88o0WA%3D%3D";"";"";"";"";"";
"1";"SN74AC74DE4";"SN74AC74DE4";"SOIC127P600X175-14N";"D_FLIP_FLOP";"Flip-Flops Dual Pos-Edge-Trig D-Type Flip-Flop";"";"";"Flip-Flops Dual Pos-Edge-Trig D-Type Flip-Flop";"1.75mm";"Texas Instruments";"SN74AC74DE4";"";"595-SN74AC74DE4";"https://www.mouser.co.uk/ProductDetail/Texas-Instruments/SN74AC74DE4?qs=pdM4geFiyZSonhSZLAytyw%3D%3D";"";"";"";"";"";
"1";"SN74LVC1G08DCKR";"SN74LVC1G08DCKR";"SOT65P210X110-5N";"AND";"Single 2-Input Positive-AND Gate";"SN74LVC1G08DCKR";"https://www.arrow.com/en/products/sn74lvc1g08dckr/texas-instruments?region=nac";"Single 2-Input Positive-AND Gate";"1.1mm";"Texas Instruments";"SN74LVC1G08DCKR";"";"595-SN74LVC1G08DCKR";"https://www.mouser.co.uk/ProductDetail/Texas-Instruments/SN74LVC1G08DCKR?qs=sbcp%2F4gpy0%2F8FFQ%252BRQ5MTw%3D%3D";"";"";"";"";"";
"1";"SN74LVC1G32DBVR";"SN74LVC1G32DBVR";"SOT95P280X145-5N";"OR";"Texas Instruments SN74LVC1G32DBVR, 2-Input OR Logic Gate, 1.65  5.5 V, 5-Pin SOT-23";"SN74LVC1G32DBVR";"https://www.arrow.com/en/products/sn74lvc1g32dbvr/texas-instruments?region=nac";"Texas Instruments SN74LVC1G32DBVR, 2-Input OR Logic Gate, 1.65  5.5 V, 5-Pin SOT-23";"1.45mm";"Texas Instruments";"SN74LVC1G32DBVR";"";"595-SN74LVC1G32DBVR";"https://www.mouser.co.uk/ProductDetail/Texas-Instruments/SN74LVC1G32DBVR?qs=3pnr37ZAbK%2F6ArGi%2FPb2Ng%3D%3D";"";"";"";"";"";
